CHILD,SEX,DOB,ETHNIC,UPN,MOTHER,MC_DOB
P3148859,1,30/06/2000,WBRI,R845214204013,,
P4001967,2,06/08/2001,WBRI,T845209905002,,
P4007916,1,21/01/2002,WBRI,L845209008061,,
P4032115,1,28/07/2003,WBRI,M845300307041,,
P0635990,1,13/12/2000,WBRI,Q845300605021,,
P4009665,1,08/04/2000,MWBA,K845205304028,,
P4031682,2,03/09/2001,WBRI,P845336206016,,
P4016203,2,27/08/2000,WBRI,A845215403027,,
P4035413,2,03/08/2003,WROM,X845307207004,0,
P3154803,1,08/05/2001,WBRI,J845216805043,,
P4029274,1,15/04/2000,WBRI,W845215204038,,
P4047769,1,28/12/2004,WBRI,J845309309045,,
P4016149,1,12/04/2000,WBRI,T845208704028,,
P4003584,1,24/09/2001,WBRI,W845334006017,,
P4003583,1,01/11/2000,WBRI,H845702105001,,
P3150664,1,28/07/2000,WBRI,J845207703065,,
P3155225,2,08/10/2000,WBRI,N845309205051,,
P4044937,1,11/11/2002,WBRI,Z886320007007,,
P4058378,1,03/12/2005,WBRI,B845213009055,,
P4050014,1,31/01/2001,WBRI,U845214804013,,
P4041237,2,23/09/2000,WBRI,Q845213005023,,
P3149359,1,27/07/2000,WBRI,W845217003019,,
P4014020,2,15/02/2001,WBRI,F845207704035,,
P4020362,2,22/03/2003,WBRI,M845214107040,,
P4024992,1,28/02/2003,WBRI,V845212707016,,
P4079993,2,07/03/2006,WBRI,M845211110012,0,
P4027544,1,28/06/2002,WBRI,R845210406025,,
P4048000,2,20/03/2005,WBRI,Z845210509037,0,
P4035894,1,23/02/2004,WBRI,F845305808032,,
P4058262,2,14/01/2003,WBRI,W845333807028,,
P4046447,1,19/08/2004,WBRI,M845212708049,,
P4007559,2,30/11/2001,WBRI,R845703006008,,
P3152775,1,06/11/2000,WBRI,X845333505010,,
P4059480,1,06/06/2001,WBRI,X845212705083,,
P4088558,2,20/01/2007,WBRI,P845210511042,0,
P4027858,2,13/05/2003,WBRI,N886315907002,0,
P3150029,1,07/08/2000,WBRI,H845304304001,,
P4028326,2,21/03/2002,WIRI,K845703006004,,
P4042230,2,06/01/2003,WBRI,T845210407046,,
P3154626,1,05/05/2001,WBRI,M845216705004,,
P3146397,1,09/04/2000,WBRI,F845210405054,,
P4032470,1,26/04/2000,WBRI,Y845701703004,,
P4050990,2,04/09/2002,WBRI,W845213707012,,
P4095188,2,04/09/2001,WBRI,K845309206019,,
P4098970,1,14/06/2001,MWBA,U305208005030,,
P4086844,2,07/08/2006,MWBC,K845215910001,0,
P4056573,2,31/12/2004,WBRI,K845212009040,0,
P4071364,1,21/08/2005,WBRI,H845702409014,,
P4050987,1,15/01/2001,WBRI,U845213705084,,
P3153556,1,29/11/2000,MOTH,W845215103054,,
P3151790,1,02/09/2000,WBRI,X845335004040,,
P4045533,1,06/05/2002,WBRI,M845215205053,,
P4099551,2,18/12/2002,MWBA,Y845214207049,,
P4056571,1,06/09/2003,WBRI,M845212008050,,
P3152526,2,10/01/2001,WBRI,R845207704034,,
P4012580,2,19/04/2001,WBRI,B845701703006,,
P4020240,2,16/09/2001,WBRI,J845335005031,,
P4021107,2,09/07/2001,WBRI,F845212005041,,
P4027393,1,21/07/2001,OOTH,C845211205031,,
P4027394,1,12/02/2003,MOTH,U845211206044,,
P4032997,1,11/09/2003,WBRI,P845335007046,,
P4075139,2,22/02/2004,WBRI,B845334208002,0,
P4096636,1,22/05/2006,WBRI,J845216709035,,
P4114839,2,22/04/2007,WBRI,V845211511002,0,
P4120848,1,18/02/2009,WBRI,X845309013061,,
P4134402,1,25/10/2000,WBRI,K318100103052,,
P4024768,2,15/04/2001,WBRI,U845701703009,,
P4100521,1,23/03/2001,MWBA,Y845703006014,,
P4158008,2,21/10/2003,BAFR,F845215208052,0,
P4105055,2,05/07/2005,WBRI,N845213709075,0,
P4026611,2,25/08/2003,WBRI,P845211507003,1,24/04/2021
P4028464,1,13/02/2002,WBRI,K845215205042,,
P3147703,1,17/12/2000,WBRI,H845211105003,,
P4103957,1,14/12/2007,WBRI,E845301112008,,
P4158007,2,28/11/2000,BAFR,Q845215208058,,
P3148205,1,04/10/2000,WROM,Q845335004005,,
P3154713,1,26/05/2000,WBRI,Z845213604055,,
P4018011,2,23/08/2001,WBRI,T845209505008,,
P4019819,2,14/07/2002,WBRI,L845211106006,,
P4148809,1,04/03/2008,BAFR,D845211712015,,
P4020226,1,25/01/2002,WROM,F845333806006,,
P4032098,2,16/08/2003,WBRI,X845211107006,0,
P4133668,1,28/08/2006,WBRI,T845208710045,,
P4016805,2,15/10/2002,WBRI,B845214407019,,
P4096524,2,12/02/2001,WOTH,W845207706058,,
P4146260,2,29/08/2002,WOTH,Z84530930901A,,
P4079878,1,01/09/2005,WBRI,E845215110058,,
P4011885,2,15/03/2002,WBRI,G845212406025,,
P4133670,1,03/12/2004,WBRI,D845208708091,,
P4141720,2,01/01/2010,WBRI,Q845703014007,0,
P4024499,1,25/02/2001,WBRI,J845305805002,,
P4096978,1,15/08/2007,WBRI,P845309311013,,
P4040987,2,04/11/2004,WBRI,P845215208011,0,
P4115268,2,18/09/2008,WBRI,P845305813005,0,
P3150822,2,09/10/2000,WBRI,H845212405015,,
P4079877,2,17/10/2004,WBRI,L845214409002,0,
P3153672,1,24/12/2000,WBRI,M845216104014,,
P4001162,2,19/12/2000,WBRI,P845215305018,,
P4010000,1,09/06/2002,WBRI,X845214206028,,
P4010004,1,09/07/2000,WBRI,Z845214204010,,
P4011581,1,01/12/2001,WBRI,Z845703006005,,
P4020227,2,09/06/2002,WROM,D845211306006,,
P4022918,1,26/03/2003,WBRI,K845703007005,,
P4023935,2,11/05/2003,WROM,R845335307010,0,
P4032901,2,02/07/2003,WBRI,Z845212007010,0,
P4040119,2,06/06/2003,WBRI,D845301507024,0,
P4040346,2,31/10/2003,MWAS,U845210108002,0,
P4048287,2,11/03/2001,WBRI,F845216704026,,
P4058540,2,13/06/2005,WBRI,E845215108018,0,
P4071496,1,06/04/2005,WROM,C845301508092,,
P4073280,1,07/02/2003,WBRI,H845209507004,,
P4073282,1,06/10/2004,WBRI,V845209509025,,
P4081167,2,01/06/2006,WBRI,X845212710070,0,
P4086922,1,06/08/2006,WBRI,C845210110030,,
P4088508,1,10/06/2003,WBRI,R845309307038,,
P4090637,1,15/02/2003,WBRI,E845211305025,,
P4090638,1,23/01/2005,WBRI,F845301508094,,
P4092068,2,15/03/2007,WBRI,Y845210411045,0,
P4093270,1,07/07/2007,MWBC,F845212110040,,
P4095377,2,05/01/2007,WROM,X845305811027,0,
P4106380,1,02/09/2003,MWAS,Y845213608039,,
P4110273,1,17/11/2002,WBRI,F845216107013,,
P4111842,2,22/04/2008,WBRI,F845300212008,0,
P4112866,1,14/05/2003,WBRI,J871520807031,,
P4125619,1,11/07/2004,WBRI,F845702408002,,
P4127611,2,01/10/2008,WBRI,U845303213003,0,
P4131139,2,22/02/2008,WBRI,E845210412023,0,
P4143987,2,17/09/2009,MOTH,R845211214023,0,
P4149782,1,18/10/2005,WBRI,M845213610105,,
P4150363,1,22/12/2005,WBRI,F845205308039,,
P4161666,2,15/09/2000,WOTH,X845702109006,,
P4166004,2,05/05/2010,MWBC,K845210814061,0,
P4166386,2,22/05/2010,WBRI,W845210814029,0,
P4126889,2,04/06/2008,WBRI,E845212812052,0,
P4077537,1,31/05/2003,WOTH,P845205506022,,
P4088381,1,17/01/2007,WBRI,B845208811075,,
P4044661,2,07/06/2000,WBRI,Y845309304041,,
P4178058,2,08/06/2011,WBRI,X845703015014,0,
P4133097,2,12/10/2008,WBRI,J845302813010,0,
P4086257,2,29/01/2006,WBRI,W845215009050,0,
P4081944,1,15/01/2002,WBRI,J845332106033,,
P4023632,1,15/06/2000,WBRI,K845703004002,,
P4098594,2,02/06/2004,WIRI,Z845216707025,0,
P4078887,2,14/01/2006,WBRI,G845217010007,0,
P4141987,1,05/02/2005,WBRI,Y845214410058,,
P4078775,2,31/08/2006,WBRI,W845216709025,0,
P4068791,1,11/03/2003,WBRI,U845211307001,,
P4048176,2,02/04/2005,WBRI,D845309209020,0,
P4039757,1,03/09/2004,WBRI,D845215408036,,
P4051211,1,14/05/2004,WBRI,X845212408048,,
P4012172,2,17/04/2000,WBRI,V845210504008,,
P4078190,1,29/11/2005,WBRI,X845216110008,,
P4051209,2,14/05/2004,WBRI,Y845212008020,0,
P4155952,1,14/09/2009,WBRI,Y845212814050,,
P4098593,2,07/02/2001,WIRI,B845335004062,,
P4162749,2,21/10/2010,WBRI,Y845212815049,0,
P4176586,1,12/11/2002,WBRI,D208595008002,,
P4172422,1,06/05/2011,WBRI,T845336215009,,
P4141653,1,07/02/2007,WBRI,X845200011008,,
P4093924,2,02/07/2003,WBRI,M845214806009,0,
P4044662,1,30/03/2002,WBRI,V845309305067,,
P4078886,2,10/07/2004,WBRI,X373422508036,0,
P4007429,1,01/11/2001,WBRI,L845215306017,,
P4141908,1,01/02/2009,WBRI,A845211713014,,
P4048462,2,30/07/2001,WBRI,T845215004041,,
P4035677,1,22/02/2004,WBRI,W845209008040,,
P4111819,1,22/05/2001,WBRI,B845214804008,,
P4058078,1,22/02/2004,WBRI,K845213508046,,
P4077238,1,09/01/2004,WBRI,T845215207039,,
P4044663,1,11/06/2004,WBRI,G845309308033,,
P4114853,1,21/07/2003,WBRI,P845304507005,,
P4023359,1,26/12/2002,WBRI,N845215307031,,
P4107258,1,09/06/2007,WBRI,K845214810042,,
P4170244,2,19/04/2011,WBRI,A845213515056,0,
P4054594,2,24/08/2000,WBRI,K845209004006,,
P4053268,2,19/08/2004,WBRI,F845214808007,0,
P4166688,1,04/09/2000,WBRI,G210216104044,,
P4134504,1,07/10/2003,WBRI,W845207607018,,
P4023452,1,07/06/2002,WBRI,W845215405036,,
P4115320,1,30/04/2008,WBRI,G845215212027,,
P4052000,2,11/06/2004,WBRI,F845215408020,0,
P4058257,1,30/01/2005,WOTH,D845215409008,,
P4084390,2,11/02/2001,WBRI,K845213505043,,
P4080051,2,13/01/2004,WBRI,N845333808005,0,
P4051998,1,14/11/2001,WBRI,Z845215406012,,
P4096134,2,02/11/2006,WBRI,U845213611087,0,
P4023451,2,23/12/2000,WBRI,E845215403049,,
P4077340,1,06/03/2001,WBRI,M846701691015,,
P4133983,2,17/08/2005,WROM,M887264609024,0,
P4012988,1,31/03/2001,WBRI,P845334205007,,
P4079422,1,28/08/2005,WBRI,P845205309001,,
P4051997,1,15/12/2000,WBRI,A845216905009,,
P4155338,1,05/09/2000,WBRI,E845213605042,,
P4104673,1,08/04/2003,WBRI,H845702106002,,
P4195945,1,18/07/2007,WBRI,X812352010079,,
P4075060,1,17/06/2004,WBRI,M845214408021,,
P4136428,1,17/10/2002,WBRI,R886391307017,,
P4194215,1,29/06/2001,WBRI,K845210305035,,
P4136425,2,01/06/2001,WBRI,F886304805021,,
P3150670,1,16/09/2000,WBRI,C845209905008,,
P4114385,1,26/07/2008,WBRI,W845300612023,,
P4134211,1,29/08/2005,WBRI,Y845207608003,,
P4045741,1,02/06/2003,WBRI,U845215406026,,
P4195946,2,07/10/2005,WBRI,G801101609054,0,
P4077423,1,16/02/2006,WBRI,Q845214210037,,
P4090617,1,22/09/2004,BCRB,J845701706006,,
P4073522,1,03/09/2005,WOTH,W845215910056,,
P4047413,1,31/08/2004,WBRI,L845214208033,,
P4202563,1,02/10/2003,WBRI,K886217306029,,
P4085591,2,20/07/2006,WBRI,A845213510022,0,
P4104154,1,01/08/2007,WBRI,P845215411018,,
P4051999,2,09/01/2003,WBRI,W845215407009,,
P4090014,1,17/07/2002,WBRI,N845703006006,,
P4034958,1,22/06/2004,WBRI,K845216208021,,
P4090272,1,03/07/2005,WBRI,N845214410052,,
P4208774,1,20/12/2012,WBRI,D845216017038,,
P4195551,1,10/03/2005,MWBA,Q845205909066,,
P4134212,1,19/09/2004,WBRI,M845207608004,,
P4093701,2,16/11/2006,WBRI,U845213511075,0,
P4112871,1,22/08/2008,WBRI,P845213012050,,
P4168055,1,22/11/2009,WBRI,P845213614012,,
P4134505,1,28/04/2007,WBRI,C845207611010,,
P4192400,2,25/04/2012,WBRI,J845336216024,0,
P4104155,2,01/08/2007,WBRI,D845215411019,0,
P4202564,1,02/10/2003,WBRI,W886217306028,,
P4126032,1,03/12/2012,MOTH,V845309217022,,
P4083954,2,30/04/2003,WBRI,F845213507052,0,
P4119767,2,01/06/2000,WBRI,Q886304804026,,
P4074468,2,28/09/2005,WBRI,Z845213610072,0,
P4131509,1,08/07/2007,WBRI,F845215410029,,
P4193932,1,22/12/2007,WBRI,P845703012014,,
P4059874,1,06/07/2005,WBRI,Q845210309025,,
P4228912,2,24/05/2012,WBRI,J845209516015,0,
P4017731,1,15/12/2002,WBRI,P845210407044,,
P4086989,2,21/07/2005,WBRI,W845703009006,0,
P3021990,1,02/01/2001,WBRI,A845211105006,,
P4159323,1,16/09/2010,WBRI,X845702415003,,
P4045053,2,01/09/2002,WBRI,K845334207016,,
P4185712,1,15/11/2011,WBRI,V845213616108,,
P4095325,1,27/05/2007,WBRI,Z845309211117,,
P4181871,1,14/06/2010,WBRI,Q845701713001,,
P4069017,2,07/07/2003,WOTH,Q845336207037,0,
P4109665,2,28/02/2008,WBRI,E845213612060,0,
P4141347,1,23/10/2009,WBRI,D845213614042,,
P4047740,2,01/12/2000,WBRI,B845212104057,,
P4024268,1,16/02/2002,WBRI,F926217105014,,
P4231687,2,23/02/2014,WBRI,G845215318018,0,
P4103219,2,26/11/2000,WBRI,A845309405007,,
P4133244,1,21/07/2008,WBRI,P845309212029,,
P4039362,2,27/02/2004,WBRI,M845211207068,0,
P4144005,2,18/10/2000,WBRI,X886707005004,,
P4052362,2,16/05/2005,WBRI,F845207208006,0,
P4219489,1,10/09/2013,WBRI,H845214218023,,
P4069748,2,08/03/2003,WBRI,W845206107011,,
P4074466,2,04/04/2004,WBRI,X845213608048,0,
P4117321,2,22/06/2008,MWBC,V845212712088,0,
P4094364,1,15/12/2006,WBRI,H845213611059,,
P4177166,1,24/07/2007,WBRI,U845212411002,,
P4077700,2,24/04/2006,WBRI,K845406317002,0,
P4221579,2,09/09/2013,WBRI,V845201718041,0,
P4074469,1,25/04/2002,WBRI,W826235106002,,
P4177159,1,09/09/2005,WBRI,U837200708040,,
P2032219,1,22/05/2000,WBRI,M845206104020,,
P4069007,1,08/03/2004,WBRI,F845215407017,,
P4059872,1,06/07/2005,WBRI,B845210309024,,
P4093685,1,29/07/2006,WBRI,U845215409031,,
P4156752,1,03/11/2009,WBRI,V845208914028,,
P4033347,1,05/02/2001,WBRI,Y845208805056,,
P4150340,1,23/12/2008,WBRI,D845213014082,,
P4059088,2,25/05/2004,WBRI,Y845215208055,0,
P4144250,1,24/08/2006,WBRI,J856343410057,,
P4216274,1,20/10/2001,WBRI,R845209506020,,
P4144254,2,26/11/2008,WBRI,V845216712046,0,
P4089829,1,08/05/2006,WBRI,R845309010072,,
P4157058,1,02/07/2010,MWBC,V845400214027,,
P4241460,1,24/03/2014,WBRI,T845215418031,,
P4152625,1,16/05/2009,WBRI,P845332113006,,
P4180136,2,15/02/2001,WBRI,E887220905007,,
P4179224,2,29/07/2011,WBRI,G845201115008,0,
P4150059,1,19/05/2008,WROM,K845334212003,,
P4252635,2,05/07/2012,WOTH,X845216116045,0,
P4267473,1,11/09/2000,MOTH,,,
P4024347,2,22/07/2003,WBRI,Z845214407037,0,
P4147068,2,26/04/2008,WBRI,T845332112065,0,
P4132700,2,23/10/2008,WBRI,P845309313044,0,
P4082775,1,18/08/2001,WBRI,J845212104054,,
P4153608,2,02/09/2000,WBRI,H936100104014,,
P4098046,2,22/02/2007,WBRI,U845213011013,0,
P3151973,2,01/01/2001,WBRI,D845214804021,,
P4131536,2,14/07/2009,WBRI,H845216112038,0,
P4201659,2,26/12/2006,WBRI,R845111119002,0,
P4159315,2,19/07/2010,WBRI,E845216713026,0,
P4252654,1,25/12/2005,WOTH,Y845335013080,,
P4252656,2,22/03/2002,WOTH,L845461113028,,
P4144253,2,06/09/2007,WBRI,B845216712052,0,
P4032527,2,17/02/2003,WBRI,P845213005059,,
P4200298,1,16/03/2010,WBRI,Y845216713051,,
P4182033,1,23/08/2010,WBRI,L845309214087,,
P4208523,1,25/09/2011,WBRI,G845332416023,,
P4143813,1,05/12/2006,WBRI,U845216811037,,
P4237938,2,02/03/2003,WBRI,U350200405034,,
P4122804,1,21/03/2007,WBRI,P845217010033,,
P4167999,2,10/10/2010,WBRI,K845332115015,0,
P4221456,1,14/11/2009,WBRI,C845301114028,,
P4105206,2,03/04/2007,WBRI,E845309311034,0,
P4199502,1,23/01/2004,WBRI,P93822381101A,,
P4221458,2,13/01/2012,WBRI,M845301116009,0,
P4032744,1,20/03/2002,WBRI,N845211706006,,
P4189327,2,11/04/2006,WBRI,V845332510008,0,
P4201918,1,03/07/2012,WBRI,N845201115014,,
P4073800,1,03/10/2005,WBRI,L845213010015,,
P4252444,1,26/10/2014,WBRI,Y845200119023,,
P4261061,1,13/05/2013,WBRI,V845200717006,,
P4088518,1,25/07/2004,WBRI,K845217008027,,
P4153208,2,12/12/2000,BOTH,C845212109026,,
P4289813,1,26/06/2000,WOTH,X846401615014,,
P4290537,1,30/06/2000,OOTH,X845461115029,,
P4094817,2,11/05/2002,WBRI,X845212105007,,
P4108693,2,13/04/2008,MWAS,L845205912085,0,
P4175914,2,26/09/2010,WBRI,Z845213715089,0,
P4251279,1,03/08/2010,WBRI,A845333514003,,
P4028610,2,24/08/2003,WBRI,A845212808044,0,
P4149911,2,28/03/2009,WBRI,P845701215006,0,
P4125888,2,16/09/2008,WBRI,X845213613093,0,
P4222821,1,22/05/2001,WBRI,G886261705030,,
P4042044,2,30/09/2004,WOTH,A845212709062,0,
P4236847,2,13/02/2001,WBRI,N850202004006,,
P4280623,1,05/04/2010,WBRI,M317207013050,,
P4077034,2,25/05/2006,MOTH,Q845212710064,0,
P4123020,1,01/08/2008,WBRI,X845212012013,,
P4226008,2,27/05/2013,WBRI,N845200615044,0,
P4221263,2,31/07/2010,WBRI,C845210314002,0,
P4024842,2,27/01/2003,WBRI,D845216106028,,
P4147959,2,13/05/2009,MOTH,H845217012029,0,
P4229861,2,10/11/2012,WBRI,H845207317022,0,
P4077986,1,05/06/2001,WBRI,A845208905023,,
P4171328,1,20/11/2000,WBRI,Y894215503038,,
P4140412,1,15/04/2002,WBRI,R845212406033,,
P4072362,2,14/10/2005,WBRI,Y845216108046,0,
P4155047,2,19/08/2009,WBRI,X845213513079,0,
P4132503,2,24/01/2006,WBRI,Z845216710010,0,
P4102874,1,02/08/2007,WBRI,V845210311031,,
P4249440,1,16/02/2001,MOTH,Y846216304015,,
P4003128,2,15/10/2000,WBRI,L845214405025,,
P4132507,1,27/08/2009,WBRI,G845216712036,,
P4182903,1,30/12/2010,WBRI,A845215414049,,
P4251278,2,26/02/2009,WBRI,P886269213012,0,
P4102362,1,23/11/2007,WBRI,T845213512085,,
P4171217,1,29/10/2007,WBRI,V845211712027,,
P4120668,1,15/07/2008,WBRI,D886267511039,,
P4044088,1,10/02/2001,WBRI,W845214205007,,
P4132504,1,30/04/2007,WBRI,Z845216710037,,
P4129803,2,17/03/2008,WBRI,K845209912052,0,
P4176083,1,04/03/2008,WBRI,W845208812034,,
P4228302,2,18/08/2001,WBRI,C845213605002,,
P4134493,2,26/11/2000,WBRI,,,
P4180371,1,15/08/2011,MWBC,Z845205915042,,
P4214800,2,15/06/2009,WBRI,V846331712009,0,
P4280620,2,10/03/2005,WBRI,Q315208914042,0,
P4167800,1,24/05/2001,WBRI,R938220205033,,
P4073386,2,24/10/2000,WBRI,G845208805044,,
P4117610,2,24/06/2001,WBRI,J881302305007,,
P4160781,1,19/11/2003,WBRI,P846200206028,,
P4280622,2,09/01/2009,WBRI,E317207012023,0,
P4147958,1,04/07/2008,MOTH,W845217011040,,
7001742,1,10/01/2001,OOTH,UN2,,
7004162,1,01/01/2001,OOTH,H845461115030,,
7004245,1,22/12/2000,OOTH,UN2,,
7005419,1,13/07/2000,OOTH,UN2,,
7005420,1,12/10/2001,OOTH,UN2,,
7006191,1,02/11/2001,BAFR,Z845404416006,,
7006238,1,20/01/2002,WOTH,Y845403616007,,
7007161,1,05/06/2001,AOTH,UN2,,
7010588,1,15/10/2000,BAFR,UN2,,
7010883,1,12/10/2000,OOTH,UN2,,
P4284961,1,01/12/2003,BAFR,P886314414002,,
P4044104,2,24/12/2002,WBRI,H845213507005,,
P4171515,2,20/01/2010,WBRI,P845206214035,0,
P4156465,2,14/05/2010,WBRI,P845309414001,0,
P4186602,1,18/03/2011,WBRI,E845200715039,,
P4292956,1,23/12/2005,WBRI,G925312110011,,
P4119613,1,11/06/2008,WBRI,L845214811005,,
P4225901,1,21/10/2013,WBRI,B845200816052,,
P4041993,1,22/01/2004,WBRI,B845213708055,,
P4282830,2,21/09/2010,WBRI,F845200215055,0,
P4072606,1,27/12/2002,WBRI,X845205907039,,
P4034041,1,02/01/2002,WBRI,Z845215105029,,
P4223291,1,11/09/2013,WBRI,V845210718003,,
P4171540,1,28/06/2007,WBRI,Q845206211023,,
P4092939,1,25/08/2006,WBRI,R845333810047,,
P4186677,1,12/09/2001,WBRI,E845207610018,,
P4117794,2,14/04/2008,MWBC,Y845211310035,0,
P4093816,2,28/01/2007,MOTH,N845211309017,0,
P4007213,2,26/09/2001,WBRI,P845215105052,,
P4167895,2,23/10/2008,WBRI,Y845200213056,0,
P4254706,1,27/12/2014,WROM,W845400220064,,
P4290543,2,09/09/2009,WOTH,Y306690913029,0,
P4222579,2,08/01/2013,WBRI,J845213717014,0,
7001815,1,19/11/2016,WBRI,E845701719010,,
P4159415,1,06/09/2003,WBRI,E845216707038,,
P4020357,2,31/12/2001,WBRI,Y845215104066,,
P4055672,2,20/03/2002,WBRI,H845205305020,,
P4010126,2,06/03/2002,WBRI,H845214805015,,
P4092741,2,04/01/2005,WBRI,C845701209001,,
P4074650,1,06/08/2001,WBRI,U845211105002,,
P4214489,1,25/08/2012,WBRI,Q845200816024,,
P4198786,1,06/09/2012,MOTH,C845217016049,,
7005311,2,13/07/2015,WBRI,Y845406420007,0,
P4282828,1,30/10/2014,WBRI,K845703018027,,
P4241005,1,04/12/2013,WBRI,F845213718013,,
P4153476,1,02/03/2010,WBRI,F845200714060,,
P4245033,1,28/08/2014,WBRI,F845703018005,,
P4153413,2,17/07/2009,WBRI,P845217013007,0,
P4282829,1,11/01/2012,WBRI,A845200216014,,
P4090322,1,08/05/2001,WBRI,,,
P4120810,2,26/10/2008,WBRI,F845211313006,0,
P4054676,2,27/04/2005,WBRI,W845214808028,0,
P4093815,2,28/01/2007,MWBC,C845211309018,0,
7000592,1,09/09/2016,MWBC,UN2,,
P4290542,2,11/09/2010,WOTH,H306690914119,0,
P4131166,1,14/11/2008,WBRI,K845213013027,,
P4037943,1,14/11/2001,WBRI,,,
P4149912,2,28/03/2009,WBRI,C845213613048,0,
7006223,2,30/09/2004,WBRI,U845208809011,0,
P4254708,2,09/09/2014,WBRI,P845332419023,0,
P4180566,1,18/08/2011,WBRI,W845215415030,,
P4074693,1,15/08/2006,WBRI,R845214809007,,
P4293209,2,30/06/2016,WBRI,J845703019010,0,
P4265647,1,28/05/2000,MOTH,Y881288904022,,
P4148855,1,05/10/2007,WBRI,X845205912026,,
P4164169,2,03/08/2010,WBRI,U845201214009,0,
P4093657,1,31/08/2006,WBRI,U845214809018,,
P4073358,1,20/08/2005,WBRI,E845215008006,,
7006222,2,03/06/2003,WBRI,Z846215707056,0,
7012399,1,03/10/2001,OOTH,Y306460316031,,
7013341,1,23/06/2000,BAFR,UN2,,
7020421,1,17/06/2002,BAFR,Z845461017003,,
7022293,1,20/06/2000,BAFR,UN2,,
7024225,1,17/12/2001,AOTH,J845400417001,,
7029900,1,21/05/2001,BAFR,UN2,,
P4225231,2,17/05/2001,WBRI,E845205905005,,
P4193141,1,14/09/2005,WBRI,H845213610029,,
P4154165,1,17/05/2007,WBRI,E845212111021,,
P4148076,2,06/07/2003,WOTH,F845334507003,0,
P4206420,2,05/11/2012,WBRI,F845216115059,0,
P4193063,2,25/08/2011,WBRI,A845214814038,0,
7001524,2,20/05/2016,WOTH,D825302220057,0,
P4264054,1,22/08/2004,WBRI,Q887371207060,,
P4210073,1,24/12/2011,WBRI,H845209517025,,
P4232601,2,07/12/2011,WOTH,K845406416069,0,
P4258611,2,05/02/2003,AOTH,F845213607116,,
P4146531,2,07/11/2007,WBRI,L845214811034,0,
P4177569,2,24/03/2011,WBRI,Q845201115054,0,
7001545,1,09/01/2016,WBRI,T845209920066,,
7000024,1,16/08/2009,WBRI,A845304513019,,
P4271722,1,22/08/2004,WBRI,U887371207062,,
P4177619,1,20/01/2010,MWBA,W845200614038,,
P4179777,2,03/02/2004,WBRI,H845215207062,0,
P4257515,2,08/06/2014,WBRI,N845200617017,0,
P4167266,2,06/09/2008,WBRI,U845209517024,0,
P4152407,2,27/08/2009,WBRI,T845335012064,0,
P4291489,2,02/05/2002,WBRI,B845207705043,,
P4142986,1,10/03/2007,WBRI,R846203711014,,
P4206625,2,16/07/2003,WBRI,X680101806035,0,
P4192617,1,02/07/2011,WBRI,J845200614021,,
P4253237,2,19/10/2014,WBRI,U845210719042,0,
P4215492,1,06/09/2012,WBRI,Z845212017060,,
P4244504,1,23/09/2013,WBRI,N845212017142,,
P4002019,1,01/06/2000,WBRI,Y845309304039,,
P4209766,1,28/02/2013,WBRI,B845309015110,,
7002970,2,25/10/2016,WBRI,UN2,0,
7003891,1,15/12/2016,WBRI,UN2,,
P4045557,2,23/09/2001,MWBC,W845307206012,,
P4223276,2,17/03/2013,WOTH,G845309017073,0,
P4206626,2,10/04/2005,WBRI,B680202208033,0,
P4020295,1,29/06/2000,WBRI,H845212904018,,
P4276415,1,13/10/2015,WOTH,UN2,,
P4078877,1,04/11/2004,WBRI,J845335008034,,
P4054839,1,03/07/2000,WBRI,Z845214204008,,
P4230416,1,30/10/2013,WBRI,T845217015069,,
P4195887,1,17/04/2011,WBRI,B845309215082,,
P4028041,1,15/10/2003,WBRI,Y845214108040,,
7006575,2,06/02/2017,WBRI,W845305821001,0,
P4231427,2,18/03/2004,CHNE,U845335011083,0,
P4045241,2,22/04/2001,MWBC,U845205404028,,
P4210108,1,09/04/2010,MWBA,K845309014014,,
P4162222,1,12/07/2009,WBRI,X845211312017,,
P4055676,2,29/08/2003,WBRI,B845205306015,0,
P4206719,1,09/06/2007,WBRI,G680202210030,,
P4148915,2,15/03/2008,WBRI,X845205310035,0,
P4262378,1,10/03/2015,WBRI,Q84521301732A,,
7011347,1,15/06/2015,WBRI,Z845202019008,,
P4161450,1,22/09/2010,WBRI,H845200315022,,
P4166218,2,02/11/2010,WBRI,M845200313042,0,
7016388,2,12/01/2018,WBRI,UN1,0,
P4196299,1,29/03/2012,WBRI,A845200314053,,
P4074795,2,10/02/2006,WBRI,G845205308032,0,
P4232602,1,06/07/2003,WBRI,R938335007040,,
P4021428,2,08/12/2002,WBRI,A845215407004,,
P4225950,2,12/09/2012,WOTH,Y845336017031,0,
P4186200,2,09/02/2012,WBRI,D845200614064,0,
P4179607,2,01/08/2011,WBRI,T845214814014,0,
P3153428,2,25/11/2000,WBRI,W845211304036,,
P4195890,1,13/03/2009,WBRI,J845309213075,,
P4185967,2,10/10/2004,WBRI,A845213509068,0,
7009124,1,08/01/2016,WBRI,Y845336220011,,
P4161474,2,12/10/2010,WOTH,Z845215113077,0,
P4190429,2,23/02/2002,WBRI,A845205906069,,
P4186418,2,10/03/2010,WBRI,J845200314012,0,
P4112180,1,02/04/2004,WBRI,R845217007032,,
P4134236,1,18/01/2001,WBRI,F845209505020,,
P4156300,2,14/04/2010,WBRI,B845214814002,0,
P4128345,1,28/03/2007,WBRI,E845309211051,,
P4206627,1,12/11/2010,WBRI,V845211213053,,
P4075986,2,27/01/2004,WBRI,D845300308025,0,
P4177568,1,25/07/2009,WBRI,W845216713040,,
P4096891,2,17/06/2007,WBRI,M845214810024,0,
7011348,1,02/07/2016,WBRI,C845202020049,,
P4186578,2,22/07/2011,WBRI,P845200314054,0,
7014226,1,20/11/2017,WBRI,UN1,,
P4126721,2,03/04/2009,WBRI,X845216112039,0,
P3153165,1,19/07/2000,WBRI,H845309004040,,
P4006670,2,17/08/2001,WBRI,M845701205003,,
P4032421,2,01/09/2003,WBRI,B845214807013,0,
P4045239,1,08/03/2003,WBRI,V845333807010,,
P4080084,2,09/06/2003,WBRI,J845215106038,,
P4083292,1,31/10/2002,WBRI,J845213007019,,
P4090301,2,03/11/2006,WBRI,E845309211103,0,
P4091510,2,02/03/2003,WOTH,M845702407005,,
P4093135,1,23/12/2002,WOTH,H845216207007,,
P4095213,2,17/10/2003,WBRI,V845216106042,0,
P4112950,1,07/05/2008,WBRI,N845212812009,,
P4141652,1,16/12/2008,MWAS,J845216711046,,
P4149318,1,01/09/2004,MOTH,T845303309011,,
P4166049,2,24/01/2011,WBRI,V845201115018,0,
P4167265,2,26/02/2005,WOTH,B845215209002,0,
P4172564,1,24/02/2009,WBRI,J845211313010,,
P4180057,2,11/10/2011,WBRI,L845201216294,0,
P4185099,1,18/10/2002,WBRI,Q846202207001,,
P4201276,2,09/10/2012,WBRI,G845201117012,0,
P4207936,1,07/11/2009,WBRI,V845306314020,,
P4215523,1,17/02/2009,WBRI,L845215212051,,
P4219651,2,25/07/2010,WBRI,B845300614009,0,
P4233290,2,28/06/2004,WBRI,P845207207051,0,
P4244265,1,30/04/2011,WBRI,Y845332115054,,
P4246708,2,30/09/2014,WBRI,B845205919030,0,
P4248630,2,23/08/2014,WBRI,W845215117023,0,
P4249716,2,20/04/2014,WBRI,X845309018066,0,
P4249717,2,20/04/2014,WBRI,L845309018067,0,
P4249953,1,08/09/2014,WBRI,W845208919026,,
P4250132,1,16/11/2014,WBRI,X845208919017,,
P4252250,1,02/11/2013,WBRI,K845211517029,,
P4252952,2,14/09/2002,WBRI,Q204289707027,,
P4257262,1,20/12/2009,WBRI,F845304614018,,
P4271818,1,21/02/2007,WOTH,C845702411012,,
P4273360,1,28/09/2006,WBRI,D845211309011,,
P4292189,2,08/06/2016,WOTH,Y845208920020,0,
7001168,2,24/07/2004,WROM,G886391513079,0,
7003334,2,18/05/2014,WOTH,R845201118021,0,
7003335,1,18/08/2011,WOTH,E845201114025,,
7003617,2,15/02/2006,WROM,T886391513080,0,
7003618,2,07/11/2013,WROM,U845214817037,0,
7003951,1,02/04/2009,WBRI,P845307413019,,
7004963,2,17/08/2016,WBRI,V845205920063,0,
7010358,1,05/02/2009,WBRI,B886520113021,,
7010376,1,30/11/2014,WBRI,U845332419016,,
7012562,1,27/02/2017,WBRI,UN2,,
7015976,2,14/10/2017,WBRI,UN1,0,
7017071,2,05/03/2018,WBRI,UN1,0,
7017181,2,19/03/2004,WBRI,A850232910082,0,
7017485,1,11/08/2005,OOTH,X846406816087,,
7023300,2,01/06/2018,WBRI,UN1,0,
7029424,1,22/04/2002,OOTH,UN2,,
7029580,2,03/09/2018,OOTH,UN1,0,
7029884,2,22/04/2018,WBRI,UN1,0,
7032800,1,01/01/2002,BAFR,UN2,,
7033630,1,14/12/2015,WBRI,T845200119037,,
7034565,1,01/01/2001,BAFR,UN2,,
7034566,1,22/01/2001,BAFR,UN2,,
7034630,2,25/12/2018,WBRI,UN1,0,
7037361,1,12/11/2018,WBRI,UN1,,
7037777,2,29/12/2001,AOTH,UN2,,
7038691,1,15/06/2003,WOTH,P846406817116,,
7038926,1,24/06/2001,AOTH,UN2,,
7038928,1,11/02/2002,AOTH,UN2,,
7038930,1,10/06/2001,AOTH,UN2,,
7038934,1,20/08/2001,AOTH,UN2,,
7039042,1,09/03/2011,WBRI,Y830354715039,,
7039285,1,01/04/2001,BAFR,UN2,,
7044042,1,14/06/2006,AOTH,Z845404418008,,
7044072,2,11/11/2003,AOTH,M84546121804A,0,
7044074,2,30/11/2002,AOTH,UN2,,
7044078,2,05/04/2001,AOTH,UN2,,
7044079,2,06/12/2004,AOTH,N845406318005,0,
7044080,2,10/11/2003,AOTH,Z84546121803A,0,
7044082,1,04/05/2003,AOTH,UN2,,
7044083,1,25/10/2002,AOTH,UN2,,
7044557,1,01/12/2001,AOTH,,,
7045248,1,27/06/2002,OOTH,UN2,,
7045700,2,19/07/2005,AOTH,E845400618004,0,
7045701,1,23/01/2004,AOTH,Q845400618003,,
7045759,2,06/03/2019,WBRI,UN1,0,
7046188,1,01/08/2001,BAFR,UN2,,
7046189,2,20/10/2002,BAFR,UN2,,
7046662,1,01/05/2003,AOTH,UN2,,
7048429,1,01/01/2002,BAFR,UN2,,
7048432,1,10/01/2002,BAFR,UN2,,
7048437,1,01/01/2002,BAFR,UN2,,
7050102,2,20/02/2003,AOTH,UN2,,
7000714,2,18/02/2016,WBRI,W845332420008,0,
7001267,1,08/02/2007,WBRI,M937100309016,,
7005805,1,31/05/2003,BAFR,V938404414021,,
7006727,2,22/04/2017,WBRI,UN2,0,
7007745,2,06/12/2002,WBRI,Q846215707012,,
7010457,2,15/08/2017,WBRI,V845216920114,0,
7013076,1,20/03/2017,WBRI,J845217020041,,
7021992,1,12/05/2004,WBRI,H203241007014,,
7026206,1,15/06/2018,WBRI,UN1,,
7026443,1,01/05/2010,WBRI,Q931200714004,,
7033567,2,06/09/2018,WBRI,B845217020044,0,
7034555,1,10/09/2018,WBRI,UN1,,
7034560,1,10/09/2018,WBRI,K845701721005,,
7036492,1,12/09/2009,BOTH,U938202014027,,
7037454,2,14/01/2019,MOTH,UN1,0,
7037494,1,14/08/2012,WBRI,B845111118007,,
7041896,2,06/01/2003,WOTH,U846331407024,,
7044031,2,08/05/2019,WBRI,UN1,0,
7047063,1,08/07/2019,WBRI,UN1,,
7047532,1,14/08/2016,WBRI,L845335020021,,
7047533,1,25/07/2017,WBRI,V845335020007,,
7048748,2,26/09/2019,WBRI,UN1,0,
7051833,1,18/05/2018,WBRI,X845205920074,,
7052607,2,01/03/2002,WBRI,G845333906011,,
7052921,1,27/11/2001,WBRI,V335210504009,,
7053733,1,08/01/2020,WBRI,UN1,,
7053815,1,19/08/2019,WBRI,UN1,,
7054645,1,02/01/2002,BAFR,UN2,,
7054866,1,01/01/2003,OOTH,UN2,,
7055381,1,12/11/2019,WBRI,UN1,,
7055735,2,10/01/2020,WBRI,UN1,0,
7056198,2,23/01/2020,WBRI,UN1,0,
7056312,2,10/02/2020,WBRI,UN1,0,
7056344,2,28/12/2019,WBRI,UN1,0,
7056481,1,07/05/2004,OOTH,Z845461219002,,
7057705,2,05/11/2003,AOTH,UN2,0,
7057706,1,13/12/2005,AOTH,UN2,,
7057708,1,02/05/2002,AOTH,UN2,,
7057755,1,10/10/2003,OOTH,UN2,,
7058208,2,14/02/2020,WBRI,UN1,0,
7058520,2,21/08/2019,OOTH,UN1,0,
7058651,1,20/05/2002,AOTH,UN2,,
7059031,1,12/11/2019,WBRI,UN1,,
7060288,1,12/10/2003,BAFR,UN2,,
7060954,1,08/01/2004,OOTH,UN2,,
7063277,1,01/08/2002,AOTH,UN2,,
7065512,1,01/01/2004,OOTH,UN2,,
7065942,2,06/01/2020,WBRI,UN1,0,
7067817,1,22/01/2004,BAFR,UN2,,
7067934,1,01/11/2004,BAFR,U845461020002,,
7068437,1,05/02/2003,BAFR,UN2,,
P4033609,1,26/12/2003,WBRI,D845208708033,,
P4048596,1,12/02/2005,WBRI,Y845212009050,,
P4049921,1,31/08/2004,WBRI,A845217007018,,
P4053669,2,22/06/2004,WBRI,A845205908073,0,
P4058435,2,15/08/2003,WBRI,Y845205306013,,
P4059933,2,16/11/2004,MOTH,L820203808025,0,
P4083699,2,26/04/2006,WBRI,V845335009034,0,
P4092510,2,09/11/2003,WBRI,A845332408027,0,
P4104139,1,04/01/2008,WBRI,Z845335011038,,
P4112821,2,21/04/2008,MOTH,U871219511036,0,
P4117497,2,28/11/2002,WBRI,N919342407024,,
P4123571,2,23/01/2004,WBRI,B845304808005,,
P4131272,1,29/12/2007,WBRI,N845335012013,,
P4143968,2,24/12/2005,WBRI,A845215209009,0,
P4144964,1,31/12/2009,WROM,N845216614003,,
P4156495,1,30/04/2005,WBRI,C845703009012,,
P4162645,1,02/07/2003,WBRI,Q845215106044,,
P4166393,2,10/06/2005,WBRI,L845333509015,0,
P4166543,2,31/07/2010,WBRI,E845304013037,0,
P4166689,2,04/07/2002,WBRI,V210216105055,,
P4190030,1,19/01/2011,MOTH,E845335015001,,
P4204999,1,06/08/2008,WBRI,E845212412029,,
P4206283,2,20/11/2011,WROM,G845400220063,0,
P4222608,2,04/07/2005,MWBC,T845303209026,0,
P4232988,2,26/06/2013,WBRI,Z845335417009,0,
P4243480,1,22/04/2011,MOTH,P210520715039,,
P4247749,1,02/06/2010,WBRI,H845701713004,,
P4252420,1,10/08/2014,WBRI,N845200618020,,
P4256714,2,03/11/2011,MWAS,B845201216286,0,
P4259677,1,25/01/2015,WBRI,N845335419014,,
P4265467,2,27/10/2003,WBRI,E845205908010,1,21/10/2021
P4271593,1,07/06/2015,WBRI,J845212019041,,
P4272951,2,08/03/2004,MOTH,G845215108029,0,
P4282462,1,12/03/2003,WBRI,,,
7000548,2,20/07/2016,WBRI,M845201120010,0,
7001308,2,25/10/2016,WBRI,P845201721040,0,
7001974,1,03/12/2016,WBRI,L845402721013,,
7003539,1,26/11/2013,WBRI,M845212718043,,
7005054,2,08/01/2016,WBRI,B845213520034,0,
7005446,2,31/10/2003,WBRI,N845215208047,0,
7006666,1,25/08/2003,MWBA,Q919235306023,,
7010874,2,07/08/2017,WBRI,Z845201121030,0,
7011230,1,21/10/2017,WBRI,UN1,,
7013159,1,26/04/2017,WBRI,Q845205919087,,
7013700,2,28/07/2017,MWBC,UN2,0,
7014422,2,05/10/2017,WBRI,UN1,0,
7015949,1,03/10/2017,WBRI,M845202619036,,
7021003,2,30/12/2017,MOTH,UN1,0,
7024174,1,06/08/2004,MWBA,W310209708015,,
7032960,2,22/11/2018,MOTH,UN1,0,
7034108,2,06/11/2012,WBRI,T845301716013,0,
7034109,1,27/08/2017,WBRI,G845301721001,,
7036470,2,25/08/2018,WBRI,UN1,0,
7038217,2,06/03/2019,WBRI,UN1,0,
7041047,2,05/02/2019,WBRI,UN1,0,
7041520,1,14/04/2018,MOTH,UN1,,
7047658,1,14/08/2018,WOTH,UN1,,
7047800,1,01/12/2018,BCRB,UN1,,
7047854,2,19/07/2019,WBRI,UN1,0,
7048360,1,27/03/2019,WBRI,UN1,,
7048479,1,04/11/2018,WBRI,UN1,,
7051256,2,15/10/2019,WBRI,UN1,0,
7053528,1,28/11/2019,WBRI,UN1,,
7053640,1,06/12/2013,OOTH,K304207318065,,
7057448,2,05/03/2020,WBRI,UN1,0,
7058625,2,11/12/2007,WBRI,C846200612020,0,
7058647,1,09/04/2020,WBRI,UN1,,
7059060,1,16/04/2020,WBRI,UN1,,
7060359,1,09/04/2020,OOTH,UN1,,
7062177,1,08/05/2020,WBRI,UN1,,
7062684,1,30/09/2019,MWBA,UN1,,
7063278,1,24/01/2020,MOTH,UN1,,
7064198,1,10/01/2020,MWBA,UN1,,
7064287,2,04/04/2020,WBRI,UN1,0,
7064458,2,04/11/2019,WBRI,UN1,0,
7065332,2,26/07/2020,WBRI,UN1,0,
7065444,2,02/08/2020,WBRI,UN1,0,
7067443,1,07/05/2020,MOTH,UN1,,
7067526,1,11/09/2020,WBRI,UN1,,
7068084,1,28/02/2020,MOTH,UN1,,
7068453,2,04/04/2020,WBRI,UN1,0,
7068721,1,25/09/2020,WBRI,UN1,,
7069092,1,07/03/2015,WBRI,X883246219053,,
7069093,1,02/03/2011,WBRI,M886211915108,,
7069094,1,05/08/2012,WBRI,Z883247215092,,
7069095,2,13/07/2016,WBRI,D845201120022,0,
7069116,1,11/05/2020,WIRT,UN1,,
7069700,1,25/04/2003,OOTH,UN2,,
7069701,1,09/04/2003,OOTH,UN2,,
7069737,1,08/04/2003,MOTH,UN2,,
7069928,1,22/04/2003,OOTH,UN2,,
7069929,1,17/10/2004,AOTH,E845461020001,,
7069930,1,22/08/2004,AOTH,UN2,,
7069931,1,21/10/2003,OOTH,UN2,,
7069932,1,21/06/2003,OOTH,UN2,,
7069933,1,02/04/2003,AOTH,UN2,,
7070249,1,24/09/2020,WOTH,UN1,,
7070268,2,02/03/2020,WBRI,UN1,0,
7070270,1,08/10/2016,WBRI,C845202621012,,
7070902,1,21/12/2002,MOTH,UN2,,
7070905,1,01/05/2003,AOTH,UN2,,
7071372,2,29/07/2018,WBRI,UN1,0,
7071373,1,26/11/2020,WBRI,UN1,,
7071456,1,13/12/2003,BAFR,UN2,,
7071529,1,26/10/2020,WBRI,UN1,,
7071971,2,21/09/2020,MWBC,UN1,0,
7072884,2,10/07/2020,WBRI,UN1,0,
7072934,1,05/01/2021,WBRI,UN1,,
7072986,1,01/01/2008,AOTH,UN2,,
7073394,1,05/01/2004,OOTH,UN2,,
7073395,1,27/07/2004,AOTH,UN2,,
7073780,1,27/02/2021,WBRI,UN1,,
7074460,1,01/01/2003,BAFR,UN2,,
7074666,1,04/04/2003,BAFR,UN2,,
7074667,1,10/08/2004,BAFR,UN2,,
7074668,1,01/02/2004,BAFR,UN2,,
7074669,1,05/07/2004,BAFR,UN2,,
7074742,2,03/03/2021,WBRI,UN1,0,
7074743,2,03/03/2021,WBRI,UN1,0,
7074960,1,23/08/2020,WBRI,UN1,,
7075393,1,05/05/2005,BAFR,UN2,,
7075565,1,07/12/2003,BAFR,UN2,,
7075566,1,05/04/2003,BAFR,UN2,,
7077000,1,01/01/2006,OOTH,F845461120004,,
7077001,1,26/10/2003,OOTH,UN2,,
7077238,1,21/01/2021,WBRI,UN1,,
7077390,1,28/12/2004,AOTH,D845406320010,,
7201909,1,20/04/2004,BAFR,UN2,,
7202499,1,22/05/2003,OOTH,UN2,,
7202523,1,16/05/2004,BAFR,UN2,,
7202729,1,15/07/2006,BAFR,UN2,,
7202954,1,10/07/2004,BAFR,UN2,,
7202955,1,11/02/2004,BAFR,UN2,,
7203350,1,12/02/2004,AOTH,UN2,,
7203351,1,02/05/2003,OOTH,UN2,,
7203352,1,22/04/2003,OOTH,UN2,,
7203353,1,24/10/2004,OOTH,UN2,,
7203443,1,25/06/2004,AOTH,UN2,,
7203534,1,31/05/2003,AOTH,UN2,,
7203535,1,23/08/2006,AOTH,G845406320012,,
P4048405,1,08/10/2004,WBRI,F845210409029,,
P4073046,1,13/02/2004,WOTH,F845701207001,,
P4078693,2,13/07/2006,WBRI,U845309010083,0,
P4087232,2,08/03/2007,WBRI,C845215411028,0,
P4098840,1,28/09/2006,WBRI,X845309211083,,
P4102702,1,15/09/2005,WBRI,C845207709009,,
P4103238,2,21/04/2007,WBRI,J886266111001,0,
P4111223,1,05/07/2009,WBRI,V845205913074,,
P4114087,1,24/03/2006,WBRI,N845309310021,,
P4115483,2,01/05/2006,WBRI,M845335009037,0,
P4119725,2,08/04/2005,MWBA,N845210309014,0,
P4122471,1,04/07/2005,MOTH,C845335309011,,
P4122629,2,15/04/2008,MWBC,N845300612026,0,
P4140554,2,19/09/2006,WBRI,V845215411004,0,
P4141469,1,08/12/2009,WBRI,K845214813016,,
P4142622,2,19/06/2009,WBRI,H845335012056,0,
P4144222,1,21/03/2003,WBRI,M845211206096,,
P4148293,2,28/06/2008,WBRI,A845200012042,0,
P4148547,1,11/06/2007,WBRI,R845212811012,,
P4149870,1,08/04/2009,WBRI,G845205713011,,
P4153311,1,09/09/2009,WBRI,A84521301235A,,
P4156311,2,22/06/2010,WBRI,H845213614116,0,
P4158742,2,01/08/2006,WBRI,H845335009073,0,
P4165171,2,11/01/2008,WBRI,E845216812010,0,
P4167802,2,23/02/2004,WBRI,N938223508025,0,
P4177267,2,16/06/2010,WBRI,K845309214040,0,
P4184018,1,13/04/2007,WBRI,R845213011002,,
P4185345,1,14/12/2011,WBRI,Y845205916023,,
P4190447,1,07/09/2009,MWBA,K845205914067,,
P4191946,2,30/08/2011,WBRI,J845215215014,0,
P4195267,2,26/08/2006,WBRI,P938220210007,0,
P4204838,2,04/07/2012,WBRI,U845213015075,0,
P4204840,1,04/07/2012,WBRI,E845213015074,,
P4206051,2,29/07/2012,WBRI,F845213716038,0,
P4208787,1,15/10/2012,WBRI,Q845216917026,,
P4209873,2,08/10/2010,WBRI,X845701215003,0,
P4213516,2,29/08/2011,WOTH,M845217015027,0,
P4218259,1,08/08/2013,WBRI,Q845212017043,,
P4224597,1,28/08/2013,WBRI,C845335016047,,
P4231576,1,23/03/2009,WBRI,K845205613001,,
P4249494,1,02/04/2009,WBRI,W845309013068,,
P4251778,1,17/10/2014,WBRI,Y845201118054,,
P4252839,2,18/08/2014,WBRI,Q845216918056,0,
P4274164,2,02/07/2015,WBRI,H845201719052,0,
P4279698,2,17/09/2015,WBRI,B845201120009,0,
P4280247,1,13/10/2008,BCRB,B311208414067,,
P4280248,1,17/08/2009,BCRB,Q311208414068,,
P4282709,1,25/01/2016,WBRI,G852240520001,,
P4284599,1,25/05/2010,WBRI,B845208714010,,
P4285042,1,06/01/2014,WBRI,Z845216118002,,
P4285044,1,29/06/2011,WBRI,V845216115004,,
P4287186,2,13/11/2015,WBRI,Q845202518106,0,
P4290340,1,29/11/2011,WBRI,H845201916044,,
P4291791,1,20/04/2015,WOTH,R845309219051,,
P4291930,1,17/06/2015,MWBC,W845300619003,,
7000086,2,26/08/2016,WBRI,H845215119073,0,
7003455,2,24/08/2016,MOTH,C845213019040,0,
7005702,1,18/08/2006,WBRI,M306203009016,,
7005703,1,23/02/2010,WBRI,B306690913033,,
7005704,1,31/07/2014,WBRI,D845210318026,,
7006366,1,02/08/2016,WBRI,P845202020041,,
7007030,1,16/02/2017,WBRI,N845400221039,,
7007886,1,11/12/2016,WBRI,Q845215321020,,
7009030,1,19/10/2016,MWBC,Q845306321014,,
7009457,2,11/06/2014,WBRI,U845201018020,0,
7009458,2,11/06/2014,WBRI,H845201018019,0,
7009459,1,10/03/2017,WBRI,UN2,,
7012103,1,15/05/2017,WBRI,C845335021005,,
7012859,2,02/05/2017,WBRI,UN2,0,
7013842,2,07/10/2013,WIRT,P938220118063,0,
7017890,1,07/03/2015,WBRI,J845301819013,,
7022309,1,24/07/2004,WBRI,H845333908004,,
7023100,2,31/05/2009,WOTH,P845333213023,0,
7024105,1,21/03/2018,WBRI,UN1,,
7024106,1,21/03/2018,WBRI,UN1,,
7025906,1,08/07/2018,WBRI,UN1,,
7029141,2,01/09/2017,WBRI,UN1,0,
7029561,2,06/09/2006,MOTH,Q308204211263,0,
7030038,1,28/08/2018,WBRI,UN1,,
7030110,2,08/11/2016,WBRI,UN2,0,
7032855,1,09/02/2018,WBRI,UN1,,
7033028,2,25/11/2013,WBRI,Y845301818013,0,
7033978,2,05/08/2018,WBRI,G845217020030,0,
7033979,1,05/08/2018,WBRI,W845217020029,,
7035932,2,24/05/2017,WBRI,T845200721010,0,
7036849,1,21/05/2005,OOTH,J306203008123,,
7039431,1,03/10/2012,MWBA,D845213618100,,
7039432,1,26/03/2014,MWBA,L845213618099,,
7039434,1,12/09/2018,MWBA,UN1,,
7039881,1,14/03/2019,WBRI,UN1,,
7040863,2,03/03/2019,MOTH,UN1,0,
7043562,1,16/09/2017,WBRI,UN1,,
7043879,1,04/03/2013,BAFR,T845201117040,,
7043881,1,14/03/2015,BAFR,E845201119003,,
7044222,2,25/04/2014,MOTH,D845213018030,0,
7045140,2,17/06/2019,WBRI,UN1,0,
7047041,2,07/06/2019,WBRI,UN1,0,
7052170,1,24/08/2019,WBRI,UN1,,
7053641,2,28/03/2012,AOTH,T304207318062,0,
7053651,2,02/07/2019,WBRI,UN1,0,
7053652,2,02/07/2019,WBRI,UN1,0,
7053822,2,06/02/2004,WOTH,P845304107071,0,
7055517,1,10/01/2019,WBRI,UN1,,
7058493,2,31/12/2005,MWBA,X210285508105,0,
7060583,2,28/03/2020,WBRI,UN1,0,
7062076,1,18/12/2018,WBRI,UN1,,
7062077,1,24/01/2020,WBRI,UN1,,
7062747,2,22/03/2019,MWBC,UN1,0,
7063830,1,15/06/2019,WBRI,F845300621022,,
7063839,2,14/08/2019,WBRI,UN1,0,
7065081,2,04/10/2019,WBRI,UN1,0,
7065207,2,18/08/2010,AOTH,X845213014128,0,
7069660,1,02/10/2006,WBRI,X936214011045,,
7070412,1,23/03/2018,WBRI,UN1,,
7072151,1,24/12/2003,BOTH,UN2,,
7072208,2,12/09/2020,WBRI,UN1,0,
7072445,1,02/06/2020,WBRI,UN1,,
7074494,1,27/02/2021,MWBC,UN1,,
7074651,1,21/03/2021,MWAS,UN1,,
7076152,2,24/03/2021,MWBC,UN1,0,
7077004,1,31/03/2021,WBRI,UN1,,
7201980,2,29/06/2021,WBRI,UN1,0,
7202320,2,04/06/2021,WBRI,UN1,0,
7202445,2,02/06/2021,WBRI,UN1,0,
7202567,2,09/05/2004,MOTH,UN2,0,
7202778,1,21/07/2021,WBRI,UN1,,
7203122,1,20/04/2021,WBRI,UN1,,
7203316,2,21/04/2021,WBRI,UN1,0,
7203683,2,12/12/2019,MOTH,UN1,0,
7203684,1,29/10/2020,WROM,UN1,,
7204142,2,14/07/2021,WOTH,UN1,0,
7204425,1,08/09/2017,WBRI,V845202620043,,
7204426,2,05/05/2020,WBRI,UN1,0,
7204428,1,05/09/2021,WBRI,UN1,,
7205821,1,19/10/2021,WBRI,UN1,,
7205833,2,03/11/2021,WBRI,UN1,0,
7206758,1,15/02/2004,AOTH,UN2,,
7206813,2,06/04/2012,OOTH,L845216120059,0,
7208018,1,22/09/2021,WBRI,UN1,,
7208117,1,07/01/2022,WROM,UN1,,
7208411,1,08/03/2004,AOTH,UN2,,
7208750,2,23/08/2004,AOTH,UN2,0,
7208792,1,30/09/2021,WROM,UN1,,
7208901,1,10/03/2005,BAFR,UN2,,
7208942,2,06/11/2021,WBRI,UN1,0,
7209064,1,01/11/2003,BAFR,UN2,,
7209065,1,17/11/2003,BAFR,UN2,,
7209300,1,24/11/2021,WBRI,UN1,,
7209464,2,31/12/2021,MOTH,UN1,0,
7209893,1,26/09/2004,AOTH,UN2,,
7210218,1,10/11/2004,OOTH,UN2,,
7210296,1,04/01/2022,MOTH,UN1,,
7210741,1,27/09/2003,OOTH,UN2,,
7210743,1,11/08/2003,OOTH,UN2,,
7210840,2,27/02/2022,WBRI,UN1,0,
7211162,1,28/12/2004,WOTH,UN2,,
7211218,1,01/01/2005,OOTH,UN2,,
7211232,1,10/10/2007,OOTH,UN2,,
7211282,1,02/07/2004,OOTH,UN2,,
7211904,2,23/07/2019,WBRI,UN1,0,
7212723,1,01/11/2004,OOTH,UN2,,
7212725,1,01/10/2006,BAFR,W845403621012,,
7212976,2,28/03/2020,WBRI,UN1,0,
7212977,1,07/07/2021,WBRI,UN1,,
7213345,1,27/03/2005,OOTH,UN2,,
7214002,1,01/01/2007,OOTH,C845461121003,,
7214220,1,18/05/2021,WBRI,UN1,,
7214268,1,28/12/2003,OOTH,UN2,,
7214440,1,01/03/2022,NOBT,UN1,,
7214500,1,01/03/2004,OOTH,UN2,,
7214787,1,11/08/2004,BAFR,UN2,,
7215107,1,19/11/2004,OOTH,UN2,,
7215214,1,28/12/2021,WBRI,UN1,,
7215366,1,22/03/2004,OOTH,UN2,,
7215631,2,13/12/2021,WBRI,UN1,0,
7215724,1,21/02/2005,BAFR,UN2,,
7216523,1,21/01/2005,OOTH,UN2,,
7217069,2,28/02/2022,MOTH,UN1,0,
7217128,1,01/01/2004,OOTH,UN2,,
7217129,1,01/05/2004,OOTH,UN2,,
7217132,1,01/06/2007,OOTH,UN2,,
7217888,1,25/08/2004,OOTH,UN2,,
7218100,1,29/12/2004,OOTH,UN2,,
7218101,1,05/07/2004,OOTH,UN2,,
7218102,1,10/06/2005,BAFR,UN2,,
7218627,2,29/03/2022,WBRI,UN1,0,
7219476,1,06/08/2019,WROM,UN1,,
7219483,1,23/12/2004,OOTH,UN2,,
7219488,2,04/09/2004,BAFR,UN2,0,
7220201,1,01/07/2008,OOTH,UN2,,
7220202,1,15/04/2008,OOTH,UN2,,
7220203,1,04/04/2008,OOTH,UN2,,
7220429,1,10/06/2005,BAFR,UN2,,
7220752,1,24/06/2005,OOTH,UN2,,
7222107,1,01/03/2005,OOTH,UN2,,
7222111,1,01/03/2005,OOTH,UN2,,
7222112,1,30/08/2004,OOTH,UN2,,
7222121,1,26/12/2004,OOTH,UN2,,
7222639,1,26/12/2004,AOTH,UN2,,
7222834,1,01/02/2006,AOTH,UN2,,
7222982,1,23/10/2007,OOTH,UN2,,
7222983,1,08/12/2006,OOTH,UN2,,
7222986,1,22/06/2006,OOTH,UN2,,
7222987,1,15/09/2004,BAFR,UN2,,
7222988,1,14/09/2004,BAFR,UN2,,
7222989,1,22/02/2005,OOTH,UN2,,
P4055385,1,26/09/2004,WBRI,K845215209046,,
P4081969,2,12/02/2006,WBRI,V845215910036,0,
P4082022,1,16/01/2004,WBRI,N845300608013,,
P4082193,1,28/07/2006,WBRI,E845205910019,,
P4083703,1,28/07/2006,WBRI,C845210110028,,
P4084988,2,19/03/2005,WBRI,M845335008065,0,
P4086369,2,23/08/2005,WBRI,L845205909073,0,
P4099272,1,09/10/2007,WBRI,Q845205912078,,
P4107059,1,06/10/2006,WBRI,Q845212111020,,
P4116114,1,26/10/2008,WBRI,M845214113026,,
P4117521,1,29/10/2003,WBRI,J845212808032,,
P4120302,1,27/04/2008,WBRI,W845208712051,,
P4120335,1,30/09/2005,WOTH,D845215209042,,
P4122790,1,27/04/2005,REFU,E845300409002,,
P4123433,2,21/05/2008,WBRI,H845217011001,0,
P4123435,1,31/10/2006,WBRI,A845217010059,,
P4130438,2,02/01/2007,WBRI,M845215111056,0,
P4132032,1,14/07/2008,WBRI,C845212112040,,
P4134862,2,10/08/2009,WBRI,M845215413038,0,
P4135676,1,06/09/2005,WBRI,N845309210065,,
P4139946,1,06/12/2006,WBRI,U845216211019,,
P4148260,1,27/04/2010,WBRI,A845215114042,,
P4151389,2,15/08/2009,WBRI,U845309313008,0,
P4159580,1,23/12/2004,WBRI,D845304509008,,
P4166525,2,16/06/2009,WBRI,K845212112064,0,
P4168765,2,28/11/2009,WBRI,H845200314021,0,
P4169185,1,20/01/2009,WBRI,V845703013001,,
P4171139,1,04/11/2005,WBRI,A845211208023,,
P4172257,1,29/05/2006,MOTH,L845211210004,,
P4177673,2,08/05/2011,WBRI,V845200915028,0,
P4179466,1,14/07/2011,WBRI,E845213014015,,
P4179889,2,04/03/2007,WBRI,Z845211111003,0,
P4184675,2,30/11/2011,WBRI,W845215415057,0,
P4185823,2,11/01/2009,WBRI,K845210713046,0,
P4195477,1,19/01/2011,WOTH,G845215115018,,
P4195917,1,30/09/2011,WBRI,U845214216020,,
P4198052,2,05/05/2012,WBRI,J845400216003,0,
P4199497,1,06/07/2012,WBRI,D845217016013,,
P4199629,2,13/05/2011,WBRI,K845201114038,0,
P4208076,1,08/07/2012,WBRI,B845334516030,,
P4210827,1,05/08/2009,WBRI,N845332113015,,
P4211713,2,17/08/2004,WBRI,F936305508048,0,
P4224065,2,08/11/2008,WBRI,Y845206213022,0,
P4225544,1,10/11/2013,WBRI,Q845202018048,,
P4225622,1,08/08/2013,WBRI,X845200117001,,
P4229730,2,17/08/2013,WBRI,M845333817005,0,
P4231492,1,16/07/2013,WBRI,E845200717043,,
P4234550,2,20/05/2012,WBRI,T845200316031,0,
P4234551,1,21/12/2013,WBRI,N845200318009,,
P4235807,1,15/08/2009,MOTH,K845208713024,,
P4237761,1,15/12/2010,WBRI,Y845213615086,,
P4238583,2,20/04/2011,WBRI,P845215114014,0,
P4248527,2,17/01/2013,WBRI,X845333817013,0,
P4248528,1,08/07/2011,WBRI,E845333815006,,
P4254643,2,08/01/2015,WBRI,D845215216060,0,
P4261230,1,02/09/2006,WBRI,A936242810008,,
P4261994,1,06/03/2015,WBRI,K845214219064,,
P4262694,2,24/12/2014,WBRI,U845215419023,0,
P4264025,2,31/05/2013,WBRI,H845307221010,0,
P4265435,2,05/10/2014,WBRI,UN2,0,
P4268002,2,06/11/2014,WBRI,H845214119041,0,
P4269615,1,31/07/2015,MOTH,C845213019009,,
P4273071,2,20/03/2015,WBRI,H845309019066,0,
P4277720,2,18/08/2015,WBRI,D845334519015,0,
P4280866,1,23/04/2010,WBRI,E845336214027,,
P4287877,1,04/12/2009,WBRI,X886223514015,,
P4289721,2,19/11/2015,WBRI,F845201720049,0,
P4290655,2,06/02/2016,WBRI,UN2,0,
P4290656,1,01/03/2013,WBRI,Z845200417019,,
P4290672,1,14/01/2010,WBRI,D845214114041,,
S772792,1,05/08/2008,WBRI,Y886305312012,,
7013838,2,08/03/2005,WIRT,C938336209041,0,
7013839,2,01/10/2006,WROM,A938207611065,0,
7013841,2,16/02/2010,WIRT,T938304014031,0,